Chanel Beauty,Tom Ford Beauty,La Prairie,Dior Beauty,La Mer,Shiseido,Augustinus Bader,Caudalie,SkinCeuticals,YSL Beauty,Sisley Paris,Lancome,Charlotte Tilburry,Kiehls,Laura Mercier,Year,Period,Value,luxury index
10.0,3.0,19.0,15.0,73.0,46.00988264360716,8.258184064237183,21.235330450895614,60.1667696108709,7.180451127819549,0.0,509.812030075188,0.0,50.367800138792504,50.367800138792504,2022,Q01,4.7,58.2265498833469
8.0,2.0,19.0,13.0,68.0,47.189623224212475,9.437924644842495,21.235330450895614,63.70599135268684,7.180451127819549,0.0,567.2556390977444,0.0,46.3913948646773,49.04233171408744,2022,Q01,4.7,61.42924576513108
9.0,2.0,16.0,12.0,62.0,43.65040148239654,7.078443483631871,20.0555898702903,57.80728844966028,7.180451127819549,0.0,473.90977443609023,0.0,42.41498959056211,46.3913948646773,2022,Q01,4.7,53.29922222034188
8.0,2.0,18.0,12.0,57.0,47.189623224212475,8.258184064237183,27.134033353922174,63.70599135268684,7.180451127819549,0.0,430.82706766917295,0.0,43.74045801526717,47.716863289382374,2022,Q01,4.7,51.51684480644671
7.0,3.0,18.0,14.0,58.0,44.83014206300185,8.258184064237183,25.954292773316862,61.34651019147621,7.180451127819549,0.0,516.9924812030075,0.0,46.3913948646773,45.06592643997224,2022,Q01,4.7,57.06795884850058
9.0,3.0,19.0,13.0,58.0,46.00988264360716,9.437924644842495,27.134033353922174,67.24521309450277,7.180451127819549,0.0,538.5338345864662,0.0,45.06592643997224,46.3913948646773,2022,Q01,4.7,59.266577383720666
8.0,2.0,17.0,13.0,56.0,50.72884496602841,7.078443483631871,21.235330450895614,61.34651019147621,7.180451127819549,0.0,416.4661654135339,0.0,46.3913948646773,47.716863289382374,2022,Q01,4.7,50.276266919163014
8.0,2.0,19.0,12.0,64.0,46.00988264360716,9.437924644842495,25.954292773316862,68.42495367510809,7.180451127819549,0.0,430.82706766917295,0.0,43.74045801526717,49.04233171408744,2022,Q01,4.7,52.37449081754812
7.0,2.0,19.0,14.0,66.0,48.36936380481779,8.258184064237183,21.235330450895614,68.42495367510809,7.180451127819549,0.0,373.3834586466166,0.0,31.811242192921583,51.69326856349757,2022,Q01,4.7,47.890416835060925
7.0,2.0,18.0,11.0,60.0,67.24521309450277,8.258184064237183,20.0555898702903,63.70599135268684,7.180451127819549,0.0,387.74436090225566,0.0,37.11311589174184,49.04233171408744,2022,Q01,4.7,49.22301586784144
6.0,2.0,21.0,13.0,56.0,55.44780728844966,9.437924644842495,22.415071031500926,64.88573193329215,7.180451127819549,0.0,380.5639097744361,0.0,35.78764746703678,51.69326856349757,2022,Q01,4.7,48.36078745539169
7.0,2.0,18.0,12.0,69.0,54.26806670784435,10.617665225447807,29.493514515132794,67.24521309450277,7.180451127819549,0.0,373.3834586466166,0.0,37.11311589174184,49.04233171408744,2022,Q01,4.7,49.08958779487954
6.0,2.0,17.0,12.0,60.0,55.44780728844966,11.797405806053119,25.954292773316862,63.70599135268684,7.180451127819549,0.0,351.8421052631579,0.0,27.834836918806385,49.04233171408744,2022,Q01,4.7,45.987014816291854
8.0,2.0,18.0,12.0,63.0,56.627547869054965,11.797405806053119,24.77455219271155,68.42495367510809,7.180451127819549,0.0,272.8571428571429,0.0,25.183900069396252,58.3206106870229,2022,Q02,5.3,41.877770952287285
6.0,2.0,18.0,12.0,64.0,60.1667696108709,10.617665225447807,34.21247683755404,63.70599135268684,7.180451127819549,0.0,280.0375939849624,0.0,23.858431644691187,49.04233171408744,2022,Q02,5.3,42.054780766541356
9.0,2.0,19.0,13.0,58.0,55.44780728844966,9.437924644842495,28.313773934527482,63.70599135268684,7.180451127819549,0.0,315.9398496240602,0.0,23.858431644691187,54.3442054129077,2022,Q02,5.3,43.94856233533235
8.0,2.0,18.0,13.0,64.0,60.1667696108709,9.437924644842495,27.134033353922174,61.34651019147621,7.180451127819549,0.0,380.5639097744361,0.0,25.183900069396252,55.66967383761277,2022,Q02,5.3,48.7788781740251
7.0,2.0,17.0,14.0,61.0,62.526250772081525,8.258184064237183,23.594811612106238,57.80728844966028,14.360902255639099,0.0,402.10526315789474,0.0,22.53296321998612,50.367800138792504,2022,Q02,5.3,49.50356424469318
9.0,2.0,19.0,13.0,54.0,56.627547869054965,8.258184064237183,22.415071031500926,53.088326127239036,7.180451127819549,0.0,301.5789473684211,0.0,22.53296321998612,50.367800138792504,2022,Q02,5.3,41.26995272980343
6.0,1.0,17.0,12.0,58.0,57.80728844966028,7.078443483631871,18.87584928968499,61.34651019147621,7.180451127819549,7.180451127819549,315.9398496240602,0.0,22.53296321998612,49.04233171408744,2022,Q02,5.3,42.73227588188174
6.0,2.0,17.0,12.0,53.0,54.26806670784435,7.078443483631871,25.954292773316862,56.627547869054965,7.180451127819549,0.0,366.203007518797,0.0,21.207494795281054,45.06592643997224,2022,Q02,5.3,44.90568204771453
6.0,2.0,19.0,12.0,53.0,56.627547869054965,7.078443483631871,23.594811612106238,55.44780728844966,7.180451127819549,0.0,409.28571428571433,0.0,22.53296321998612,47.716863289382374,2022,Q02,5.3,48.09764014507633
9.0,2.0,18.0,12.0,57.0,56.627547869054965,8.258184064237183,20.0555898702903,53.088326127239036,7.180451127819549,0.0,416.4661654135339,0.0,25.183900069396252,46.3913948646773,2022,Q02,5.3,48.75010396041657
7.0,2.0,16.0,13.0,51.0,57.80728844966028,7.078443483631871,22.415071031500926,56.627547869054965,7.180451127819549,0.0,409.28571428571433,0.0,31.811242192921583,43.74045801526717,2022,Q02,5.3,48.32974776370472
8.0,2.0,20.0,12.0,57.0,57.80728844966028,8.258184064237183,20.0555898702903,55.44780728844966,7.180451127819549,0.0,416.4661654135339,0.0,23.858431644691187,50.367800138792504,2022,Q02,5.3,49.229447866498305
8.0,2.0,18.0,12.0,53.0,56.627547869054965,7.078443483631871,20.0555898702903,50.72884496602841,7.180451127819549,0.0,423.6466165413534,0.0,21.207494795281054,43.74045801526717,2022,Q02,5.3,48.21769644458178
7.0,1.0,21.0,12.0,60.0,64.88573193329215,7.078443483631871,20.0555898702903,50.72884496602841,7.180451127819549,0.0,409.28571428571433,0.0,25.183900069396252,49.04233171408744,2022,Q03,5.1,48.962733830017356
7.0,2.0,20.0,11.0,57.0,62.526250772081525,7.078443483631871,21.235330450895614,55.44780728844966,0.0,0.0,445.1879699248121,0.0,25.183900069396252,47.716863289382374,2022,Q03,5.1,50.75843768524329
6.0,1.0,17.0,13.0,58.0,56.627547869054965,9.437924644842495,25.954292773316862,58.98702903026559,7.180451127819549,0.0,409.28571428571433,0.0,22.53296321998612,45.06592643997224,2022,Q03,5.1,48.67145662606481
7.0,2.0,20.0,16.0,92.0,55.44780728844966,8.258184064237183,30.673255095738106,56.627547869054965,7.180451127819549,0.0,423.6466165413534,0.0,25.183900069396252,45.06592643997224,2022,Q03,5.1,52.60557923306809
7.0,2.0,18.0,12.0,63.0,57.80728844966028,8.258184064237183,25.954292773316862,56.627547869054965,7.180451127819549,0.0,445.1879699248121,0.0,23.858431644691187,47.716863289382374,2022,Q03,5.1,51.63940194286497
8.0,2.0,20.0,12.0,57.0,57.80728844966028,5.898702903026559,25.954292773316862,55.44780728844966,7.180451127819549,0.0,488.27067669172936,0.0,25.183900069396252,47.716863289382374,2022,Q03,5.1,54.163998839518726
8.0,2.0,23.0,11.0,61.0,54.26806670784435,8.258184064237183,25.954292773316862,56.627547869054965,7.180451127819549,0.0,452.3684210526316,0.0,22.53296321998612,49.04233171408744,2022,Q03,5.1,52.082150568598536
8.0,1.0,18.0,11.0,55.0,51.908585546633724,8.258184064237183,24.77455219271155,58.98702903026559,7.180451127819549,0.0,445.1879699248121,0.0,22.53296321998612,49.04233171408744,2022,Q03,5.1,50.72480445470355
8.0,2.0,17.0,12.0,55.0,49.5491043854231,9.437924644842495,22.415071031500926,55.44780728844966,7.180451127819549,0.0,416.4661654135339,0.0,25.183900069396252,47.716863289382374,2022,Q03,5.1,48.493152483356546
9.0,2.0,21.0,11.0,53.0,54.26806670784435,7.078443483631871,23.594811612106238,57.80728844966028,7.180451127819549,0.0,416.4661654135339,0.0,31.811242192921583,46.3913948646773,2022,Q03,5.1,49.37319092347967
9.0,1.0,18.0,13.0,51.0,46.00988264360716,8.258184064237183,20.0555898702903,55.44780728844966,7.180451127819549,0.0,402.10526315789474,0.0,23.858431644691187,41.08952116585704,2022,Q03,5.1,46.400342064189786
8.0,2.0,17.0,13.0,57.0,56.627547869054965,8.258184064237183,21.235330450895614,54.26806670784435,7.180451127819549,0.0,409.28571428571433,0.0,22.53296321998612,45.06592643997224,2022,Q03,5.1,48.096945611034954
8.0,2.0,16.0,13.0,57.0,51.908585546633724,8.258184064237183,20.0555898702903,50.72884496602841,7.180451127819549,0.0,394.9248120300752,0.0,22.53296321998612,43.74045801526717,2022,Q03,5.1,46.35532592268918
7.0,3.0,18.0,15.0,57.0,50.72884496602841,8.258184064237183,23.594811612106238,54.26806670784435,7.180451127819549,0.0,473.90977443609023,0.0,25.183900069396252,46.3913948646773,2022,Q04,5.1,52.63436185654664
9.0,2.0,18.0,14.0,57.0,46.00988264360716,7.078443483631871,27.134033353922174,50.72884496602841,7.180451127819549,0.0,430.82706766917295,0.0,23.858431644691187,42.41498959056211,2022,Q04,5.1,49.015476298629025
9.0,2.0,18.0,14.0,52.0,48.36936380481779,8.258184064237183,18.87584928968499,53.088326127239036,7.180451127819549,0.0,409.28571428571433,0.0,22.53296321998612,37.11311589174184,2022,Q04,5.1,46.64693118741605
9.0,2.0,18.0,17.0,52.0,41.290920321185915,9.437924644842495,21.235330450895614,54.26806670784435,7.180451127819549,0.0,409.28571428571433,0.0,25.183900069396252,41.08952116585704,2022,Q04,5.1,47.13145525157037
10.0,3.0,17.0,19.0,59.0,46.00988264360716,9.437924644842495,22.415071031500926,56.627547869054965,21.54135338345865,0.0,416.4661654135339,0.0,22.53296321998612,41.08952116585704,2022,Q04,5.1,49.60802862478942
9.0,2.0,17.0,22.0,58.0,48.36936380481779,9.437924644842495,21.235330450895614,56.627547869054965,14.360902255639099,0.0,423.6466165413534,0.0,26.509368494101317,45.06592643997224,2022,Q04,5.1,50.216865366711794
10.0,3.0,18.0,22.0,56.0,49.5491043854231,10.617665225447807,23.594811612106238,57.80728844966028,7.180451127819549,0.0,473.90977443609023,0.0,29.16030534351145,46.3913948646773,2022,Q04,5.1,53.81405302964907
17.0,4.0,21.0,35.0,89.0,88.48054354539839,15.336627547869053,35.392217418159355,82.58184064237183,28.721804511278197,7.180451127819549,718.0451127819549,7.180451127819549,79.52810548230396,70.24982650936849,2022,Q04,5.1,86.57979871295623
14.0,3.0,17.0,27.0,75.0,66.06547251389746,12.977146386658431,28.313773934527482,71.96417541692402,21.54135338345865,0.0,581.6165413533835,0.0,54.3442054129077,64.94795281054823,2022,Q04,5.1,69.18470808082037
11.0,2.0,18.0,23.0,67.0,53.088326127239036,10.617665225447807,24.77455219271155,56.627547869054965,14.360902255639099,0.0,466.7293233082707,0.0,33.13671061762665,50.367800138792504,2022,Q04,5.1,55.380188515652165
12.0,4.0,19.0,26.0,68.0,54.26806670784435,10.617665225447807,24.77455219271155,51.908585546633724,7.180451127819549,0.0,495.4511278195489,0.0,34.46217904233171,50.367800138792504,2022,Q04,5.1,57.202028520075345
12.0,3.0,17.0,24.0,70.0,58.98702903026559,9.437924644842495,28.313773934527482,54.26806670784435,7.180451127819549,7.180451127819549,516.9924812030075,7.180451127819549,37.11311589174184,56.995142262317835,2022,Q04,5.1,60.64325913720038
10.0,3.0,19.0,27.0,73.0,64.88573193329215,10.617665225447807,31.85299567634342,62.526250772081525,7.180451127819549,0.0,502.63157894736844,0.0,34.46217904233171,62.297015961138094,2022,Q04,5.1,60.56359124572152
8.0,3.0,19.0,20.0,68.0,57.80728844966028,11.797405806053119,24.77455219271155,61.34651019147621,7.180451127819549,14.360902255639099,438.0075187969925,0.0,25.183900069396252,49.04233171408744,2023,Q01,5.0,53.8333907069224
8.0,2.0,34.0,18.0,55.0,53.088326127239036,11.797405806053119,22.415071031500926,58.98702903026559,7.180451127819549,7.180451127819549,445.1879699248121,0.0,25.183900069396252,47.716863289382374,2023,Q01,5.0,53.04916450228589
7.0,2.0,21.0,19.0,57.0,57.80728844966028,9.437924644842495,41.290920321185915,58.98702903026559,7.180451127819549,0.0,423.6466165413534,0.0,22.53296321998612,46.3913948646773,2023,Q01,5.0,51.551639213319376
7.0,2.0,22.0,20.0,59.0,55.44780728844966,9.437924644842495,47.189623224212475,63.70599135268684,7.180451127819549,0.0,430.82706766917295,0.0,25.183900069396252,45.06592643997224,2023,Q01,5.0,52.935912787770164
8.0,2.0,18.0,18.0,68.0,55.44780728844966,10.617665225447807,35.392217418159355,60.1667696108709,7.180451127819549,0.0,430.82706766917295,0.0,23.858431644691187,49.04233171408744,2023,Q01,5.0,52.4355161132466
8.0,1.0,21.0,15.0,59.0,54.26806670784435,9.437924644842495,25.954292773316862,57.80728844966028,7.180451127819549,0.0,473.90977443609023,0.0,26.509368494101317,46.3913948646773,2023,Q01,5.0,53.69723743322349
7.0,1.0,20.0,16.0,57.0,49.5491043854231,9.437924644842495,27.134033353922174,58.98702903026559,7.180451127819549,0.0,337.48120300751884,0.0,22.53296321998612,46.3913948646773,2023,Q01,5.0,43.979606908963675
8.0,2.0,20.0,15.0,57.0,57.80728844966028,15.336627547869053,25.954292773316862,60.1667696108709,7.180451127819549,7.180451127819549,172.3308270676692,0.0,25.183900069396252,54.3442054129077,2023,Q01,5.0,35.165654212488626
8.0,2.0,20.0,17.0,58.0,55.44780728844966,12.977146386658431,27.134033353922174,58.98702903026559,7.180451127819549,0.0,193.87218045112783,0.0,22.53296321998612,49.04233171408744,2023,Q01,5.0,35.47826283815446
10.0,1.0,17.0,15.0,59.0,57.80728844966028,11.797405806053119,29.493514515132794,61.34651019147621,14.360902255639099,0.0,165.15037593984962,0.0,22.53296321998612,46.3913948646773,2023,Q01,5.0,34.0586903494983
9.0,1.0,18.0,16.0,56.0,57.80728844966028,12.977146386658431,27.134033353922174,60.1667696108709,7.180451127819549,0.0,172.3308270676692,0.0,26.509368494101317,47.716863289382374,2023,Q01,5.0,34.12151651867228
8.0,1.0,24.0,15.0,58.0,60.1667696108709,12.977146386658431,34.21247683755404,60.1667696108709,7.180451127819549,7.180451127819549,165.15037593984962,0.0,29.16030534351145,51.69326856349757,2023,Q01,5.0,35.59253430323013
8.0,2.0,20.0,15.0,60.0,61.34651019147621,11.797405806053119,27.134033353922174,57.80728844966028,7.180451127819549,7.180451127819549,165.15037593984962,0.0,29.16030534351145,49.04233171408744,2023,Q01,5.0,34.71994353694662
8.0,2.0,18.0,17.0,61.0,57.80728844966028,12.977146386658431,27.134033353922174,57.80728844966028,7.180451127819549,0.0,193.87218045112783,0.0,25.183900069396252,50.367800138792504,2023,Q02,4.6,35.888672561802494
6.0,2.0,17.0,15.0,57.0,68.42495367510809,11.797405806053119,28.313773934527482,60.1667696108709,7.180451127819549,0.0,150.78947368421055,0.0,25.183900069396252,46.3913948646773,2023,Q02,4.6,33.01654151817755
8.0,1.0,18.0,14.0,55.0,63.70599135268684,15.336627547869053,29.493514515132794,58.98702903026559,7.180451127819549,0.0,165.15037593984962,0.0,26.509368494101317,49.04233171408744,2023,Q02,4.6,34.093712648120814
8.0,2.0,20.0,15.0,58.0,64.88573193329215,12.977146386658431,24.77455219271155,60.1667696108709,7.180451127819549,0.0,179.51127819548873,0.0,26.509368494101317,49.04233171408744,2023,Q02,4.6,35.20317531033534
10.0,1.0,18.0,16.0,60.0,57.80728844966028,11.797405806053119,24.77455219271155,56.627547869054965,7.180451127819549,0.0,193.87218045112783,0.0,23.858431644691187,45.06592643997224,2023,Q02,4.6,35.06558559873938
8.0,2.0,19.0,16.0,55.0,61.34651019147621,11.797405806053119,27.134033353922174,53.088326127239036,14.360902255639099,0.0,172.3308270676692,0.0,19.88202637057599,41.08952116585704,2023,Q02,4.6,33.401970155895455
8.0,2.0,18.0,14.0,53.0,62.526250772081525,15.336627547869053,29.493514515132794,54.26806670784435,7.180451127819549,0.0,193.87218045112783,0.0,22.53296321998612,46.3913948646773,2023,Q02,4.6,35.106763280435906
8.0,1.0,17.0,15.0,57.0,55.44780728844966,15.336627547869053,31.85299567634342,54.26806670784435,7.180451127819549,0.0,193.87218045112783,0.0,21.207494795281054,50.367800138792504,2023,Q02,4.6,35.168894915568494
7.0,1.0,17.0,15.0,54.0,56.627547869054965,10.617665225447807,31.85299567634342,53.088326127239036,7.180451127819549,7.180451127819549,157.9699248120301,0.0,19.88202637057599,41.08952116585704,2023,Q02,4.6,31.96592730014583
8.0,2.0,19.0,16.0,58.0,57.80728844966028,7.078443483631871,29.493514515132794,50.72884496602841,7.180451127819549,0.0,157.9699248120301,0.0,26.509368494101317,41.08952116585704,2023,Q02,4.6,32.05715713428409
8.0,1.0,17.0,16.0,56.0,56.627547869054965,9.437924644842495,29.493514515132794,55.44780728844966,7.180451127819549,0.0,157.9699248120301,0.0,29.16030534351145,39.76405274115198,2023,Q02,4.6,32.20543522279953
6.0,1.0,17.0,15.0,69.0,53.088326127239036,9.437924644842495,29.493514515132794,53.088326127239036,7.180451127819549,0.0,172.3308270676692,0.0,21.207494795281054,39.76405274115198,2023,Q02,4.6,32.90606114309168
10.0,1.0,18.0,15.0,61.0,55.44780728844966,8.258184064237183,29.493514515132794,50.72884496602841,7.180451127819549,0.0,165.15037593984962,0.0,22.53296321998612,42.41498959056211,2023,Q02,4.6,32.413808714137694
11.0,2.0,20.0,14.0,64.0,57.80728844966028,9.437924644842495,31.85299567634342,46.00988264360716,7.180451127819549,0.0,157.9699248120301,0.0,27.834836918806385,39.76405274115198,2023,Q03,4.6,32.59049046761742
9.0,1.0,17.0,14.0,66.0,60.1667696108709,10.617665225447807,37.75169857936998,57.80728844966028,7.180451127819549,0.0,165.15037593984962,0.0,33.13671061762665,39.76405274115198,2023,Q03,4.6,34.57166748611978
10.0,2.0,17.0,13.0,58.0,57.80728844966028,7.078443483631871,29.493514515132794,47.189623224212475,7.180451127819549,0.0,150.78947368421055,0.0,23.858431644691187,43.74045801526717,2023,Q03,4.6,31.142512276308388
8.0,0.0,18.0,14.0,63.0,60.1667696108709,7.078443483631871,30.673255095738106,54.26806670784435,7.180451127819549,0.0,165.15037593984962,0.0,26.509368494101317,38.438584316446914,2023,Q03,4.6,32.83102098508684
8.0,2.0,19.0,13.0,57.0,55.44780728844966,8.258184064237183,29.493514515132794,47.189623224212475,0.0,0.0,172.3308270676692,0.0,25.183900069396252,41.08952116585704,2023,Q03,4.6,31.866225159663642
8.0,1.0,18.0,16.0,58.0,57.80728844966028,12.977146386658431,34.21247683755404,51.908585546633724,7.180451127819549,0.0,165.15037593984962,0.0,22.53296321998612,38.438584316446914,2023,Q03,4.6,32.74719145497391
8.0,1.0,18.0,16.0,57.0,54.26806670784435,9.437924644842495,33.03273625694873,51.908585546633724,7.180451127819549,0.0,201.05263157894737,0.0,26.509368494101317,41.08952116585704,2023,Q03,4.6,34.96528570153297
8.0,0.0,17.0,14.0,60.0,56.627547869054965,10.617665225447807,31.85299567634342,51.908585546633724,7.180451127819549,0.0,179.51127819548873,0.0,25.183900069396252,49.04233171408744,2023,Q03,4.6,34.06165036161813
9.0,0.0,16.0,14.0,52.0,54.26806670784435,8.258184064237183,30.673255095738106,50.72884496602841,7.180451127819549,0.0,157.9699248120301,0.0,26.509368494101317,42.41498959056211,2023,Q03,4.6,31.26687232389074
7.0,1.0,17.0,16.0,53.0,56.627547869054965,7.078443483631871,29.493514515132794,57.80728844966028,7.180451127819549,0.0,157.9699248120301,0.0,31.811242192921583,47.716863289382374,2023,Q03,4.6,32.6456850493089
7.0,1.0,17.0,13.0,53.0,55.44780728844966,7.078443483631871,28.313773934527482,53.088326127239036,7.180451127819549,0.0,150.78947368421055,0.0,31.811242192921583,41.08952116585704,2023,Q03,4.6,31.053269266977114
9.0,0.0,15.0,14.0,53.0,61.34651019147621,7.078443483631871,30.673255095738106,53.088326127239036,7.180451127819549,0.0,165.15037593984962,0.0,23.858431644691187,51.69326856349757,2023,Q03,4.6,32.73793747826287
9.0,1.0,15.0,16.0,51.0,51.908585546633724,8.258184064237183,31.85299567634342,51.908585546633724,7.180451127819549,0.0,157.9699248120301,0.0,23.858431644691187,39.76405274115198,2023,Q03,4.6,30.98008074396939
9.0,2.0,17.0,16.0,53.0,50.72884496602841,7.078443483631871,27.134033353922174,43.65040148239654,7.180451127819549,0.0,172.3308270676692,0.0,21.207494795281054,38.438584316446914,2023,Q04,4.3,30.983272039546378
9.0,2.0,16.0,17.0,55.0,55.44780728844966,8.258184064237183,33.03273625694873,49.5491043854231,7.180451127819549,0.0,165.15037593984962,0.0,22.53296321998612,38.438584316446914,2023,Q04,4.3,31.90601377327739
11.0,1.0,17.0,16.0,57.0,56.627547869054965,9.437924644842495,30.673255095738106,49.5491043854231,7.180451127819549,0.0,165.15037593984962,0.0,25.183900069396252,35.78764746703678,2023,Q04,4.3,32.10601377327739
9.0,2.0,16.0,18.0,60.0,56.627547869054965,9.437924644842495,28.313773934527482,50.72884496602841,7.180451127819549,0.0,172.3308270676692,0.0,31.811242192921583,43.74045801526717,2023,Q04,4.3,33.678071321208726
9.0,1.0,14.0,18.0,60.0,54.26806670784435,9.437924644842495,30.673255095738106,55.44780728844966,7.180451127819549,0.0,172.3308270676692,0.0,30.485773768216514,39.76405274115198,2023,Q04,4.3,33.43921056278212
10.0,3.0,16.0,25.0,59.0,54.26806670784435,9.437924644842495,34.21247683755404,56.627547869054965,7.180451127819549,0.0,186.6917293233083,0.0,23.858431644691187,38.438584316446914,2023,Q04,4.3,34.91434749810412
11.0,2.0,20.0,24.0,56.0,57.80728844966028,11.797405806053119,35.392217418159355,60.1667696108709,7.180451127819549,0.0,208.23308270676694,0.0,31.811242192921583,42.41498959056211,2023,Q04,4.3,37.853563126854255
14.0,3.0,20.0,36.0,96.0,95.55898702903026,16.516368128474365,53.088326127239036,92.01976528721433,35.902255639097746,7.180451127819549,445.1879699248121,0.0,79.52810548230396,64.94795281054823,2023,Q04,4.3,70.59534543710264
15.0,3.0,18.0,28.0,83.0,75.50339715873996,14.156886967263741,47.189623224212475,69.6046942557134,21.54135338345865,0.0,308.75939849624064,0.0,55.66967383761277,55.66967383761277,2023,Q04,4.3,53.00631341072363
12.0,2.0,16.0,27.0,69.0,57.80728844966028,9.437924644842495,36.57195799876467,55.44780728844966,14.360902255639099,0.0,208.23308270676694,0.0,31.811242192921583,45.06592643997224,2023,Q04,4.3,38.982408798467794
14.0,3.0,18.0,29.0,67.0,58.98702903026559,11.797405806053119,36.57195799876467,56.627547869054965,7.180451127819549,0.0,201.05263157894737,0.0,37.11311589174184,42.41498959056211,2023,Q04,4.3,38.84967525954728
14.0,3.0,18.0,29.0,66.0,66.06547251389746,12.977146386658431,36.57195799876467,54.26806670784435,14.360902255639099,0.0,222.59398496240604,0.0,37.11311589174184,46.3913948646773,2023,Q04,4.3,41.35613610544194
13.0,2.0,16.0,25.0,72.0,73.14391599752933,12.977146386658431,42.47066090179123,61.34651019147621,7.180451127819549,0.0,222.59398496240604,0.0,34.46217904233171,59.646079111727964,2023,Q04,4.3,42.78806184811604
11.0,2.0,18.0,23.0,62.0,68.42495367510809,14.156886967263741,41.290920321185915,61.34651019147621,7.180451127819549,0.0,186.6917293233083,0.0,29.16030534351145,59.646079111727964,2023,Q04,4.3,38.926522404093426
10.0,2.0,16.0,20.0,59.0,64.88573193329215,9.437924644842495,37.75169857936998,61.34651019147621,7.180451127819549,0.0,165.15037593984962,0.0,27.834836918806385,132.5468424705066,2024,Q01,4.4,40.8756247870642
8.0,1.0,16.0,18.0,52.0,62.526250772081525,11.797405806053119,35.392217418159355,58.98702903026559,7.180451127819549,0.0,157.9699248120301,0.0,29.16030534351145,87.48091603053435,2024,Q01,4.4,36.366300022697004
8.0,2.0,16.0,17.0,58.0,57.80728844966028,10.617665225447807,41.290920321185915,56.627547869054965,7.180451127819549,0.0,165.15037593984962,0.0,27.834836918806385,71.57529493407355,2024,Q01,4.4,35.93895871905987
8.0,3.0,16.0,15.0,58.0,54.26806670784435,9.437924644842495,33.03273625694873,62.526250772081525,7.180451127819549,0.0,165.15037593984962,0.0,26.509368494101317,58.3206106870229,2024,Q01,4.4,34.42838564203403
9.0,1.0,17.0,15.0,51.0,54.26806670784435,8.258184064237183,36.57195799876467,55.44780728844966,7.180451127819549,0.0,165.15037593984962,0.0,26.509368494101317,54.3442054129077,2024,Q01,4.4,33.382027802264936
8.0,1.0,16.0,14.0,55.0,57.80728844966028,11.797405806053119,34.21247683755404,62.526250772081525,7.180451127819549,0.0,172.3308270676692,0.0,26.509368494101317,54.3442054129077,2024,Q01,4.4,34.71388493118978
8.0,2.0,16.0,18.0,59.0,60.1667696108709,9.437924644842495,36.57195799876467,66.06547251389746,7.180451127819549,0.0,165.15037593984962,0.0,27.834836918806385,59.646079111727964,2024,Q01,4.4,35.67025785777194
8.0,2.0,15.0,17.0,58.0,60.1667696108709,10.617665225447807,36.57195799876467,60.1667696108709,7.180451127819549,0.0,150.78947368421055,0.0,26.509368494101317,56.995142262317835,2024,Q01,4.4,33.93317320096023
7.0,3.0,15.0,15.0,55.0,57.80728844966028,10.617665225447807,33.03273625694873,58.98702903026559,7.180451127819549,0.0,143.60902255639098,0.0,27.834836918806385,50.367800138792504,2024,Q01,4.4,32.29578864694212
9.0,2.0,18.0,14.0,59.0,58.98702903026559,9.437924644842495,38.93143915997529,58.98702903026559,7.180451127819549,0.0,165.15037593984962,0.0,33.13671061762665,56.995142262317835,2024,Q01,4.4,35.38707345419751
9.0,1.0,18.0,14.0,56.0,57.80728844966028,10.617665225447807,33.03273625694873,56.627547869054965,7.180451127819549,0.0,172.3308270676692,0.0,31.811242192921583,46.3913948646773,2024,Q01,4.4,34.25327687027996
8.0,3.0,17.0,14.0,60.0,73.14391599752933,9.437924644842495,34.21247683755404,61.34651019147621,7.180451127819549,0.0,157.9699248120301,0.0,29.16030534351145,47.716863289382374,2024,Q01,4.4,34.81122481627637
7.0,1.0,14.0,14.0,61.0,60.1667696108709,7.078443483631871,37.75169857936998,58.98702903026559,7.180451127819549,0.0,150.78947368421055,0.0,25.183900069396252,51.69326856349757,2024,Q01,4.4,33.05540227660415
7.0,1.0,16.0,16.0,54.0,61.34651019147621,9.437924644842495,48.36936380481779,56.627547869054965,7.180451127819549,0.0,143.60902255639098,0.0,26.509368494101317,49.04233171408744,2024,Q02,4.2,33.07483469350605
8.0,2.0,18.0,15.0,58.0,60.1667696108709,9.437924644842495,42.47066090179123,60.1667696108709,7.180451127819549,0.0,157.9699248120301,0.0,25.183900069396252,50.367800138792504,2024,Q02,4.2,34.26294672776093
9.0,3.0,41.0,17.0,58.0,63.70599135268684,18.87584928968499,41.290920321185915,55.44780728844966,7.180451127819549,0.0,179.51127819548873,0.0,23.858431644691187,55.66967383761277,2024,Q02,4.2,38.23602687050798
9.0,1.0,17.0,15.0,62.0,61.34651019147621,12.977146386658431,35.392217418159355,56.627547869054965,7.180451127819549,0.0,179.51127819548873,0.0,25.183900069396252,45.06592643997224,2024,Q02,4.2,35.15233184653505
7.0,2.0,21.0,16.0,60.0,64.88573193329215,14.156886967263741,37.75169857936998,54.26806670784435,7.180451127819549,0.0,193.87218045112783,0.0,23.858431644691187,43.74045801526717,2024,Q02,4.2,36.380927028445065
7.0,2.0,16.0,14.0,58.0,61.34651019147621,11.797405806053119,34.21247683755404,54.26806670784435,7.180451127819549,0.0,172.3308270676692,0.0,25.183900069396252,50.367800138792504,2024,Q02,4.2,34.24582919644035
8.0,1.0,17.0,17.0,59.0,68.42495367510809,10.617665225447807,42.47066090179123,58.98702903026559,7.180451127819549,0.0,165.15037593984962,0.0,27.834836918806385,49.04233171408744,2024,Q02,4.2,35.44722030221171
8.0,2.0,16.0,16.0,59.0,86.12106238418777,10.617665225447807,38.93143915997529,54.26806670784435,7.180451127819549,0.0,143.60902255639098,0.0,22.53296321998612,43.74045801526717,2024,Q02,4.2,33.86674189312794
8.0,2.0,18.0,14.0,58.0,64.88573193329215,9.437924644842495,38.93143915997529,53.088326127239036,7.180451127819549,0.0,143.60902255639098,0.0,27.834836918806385,39.76405274115198,2024,Q02,4.2,32.315452347301196
6.0,1.0,17.0,13.0,55.0,61.34651019147621,9.437924644842495,35.392217418159355,55.44780728844966,7.180451127819549,0.0,136.42857142857144,0.0,30.485773768216514,47.716863289382374,2024,Q02,4.2,31.695741277127844
9.0,2.0,16.0,18.0,58.0,64.88573193329215,9.437924644842495,38.93143915997529,48.36936380481779,7.180451127819549,0.0,136.42857142857144,0.0,25.183900069396252,42.41498959056211,2024,Q02,4.2,31.72215811728514
7.0,1.0,16.0,21.0,56.0,61.34651019147621,9.437924644842495,36.57195799876467,48.36936380481779,7.180451127819549,0.0,136.42857142857144,0.0,25.183900069396252,45.06592643997224,2024,Q02,4.2,31.372307047044046
7.0,1.0,16.0,18.0,56.0,75.50339715873996,8.258184064237183,37.75169857936998,49.5491043854231,7.180451127819549,0.0,150.78947368421055,0.0,27.834836918806385,45.06592643997224,2024,Q02,4.2,33.32887149057193
6.0,2.0,15.0,15.0,56.0,70.78443483631871,8.258184064237183,37.75169857936998,48.36936380481779,7.180451127819549,0.0,150.78947368421055,0.0,23.858431644691187,39.76405274115198,2024,Q03,3.9,32.05040603217446
8.0,2.0,15.0,15.0,61.0,66.06547251389746,9.437924644842495,40.1111797405806,48.36936380481779,7.180451127819549,0.0,157.9699248120301,0.0,25.183900069396252,43.74045801526717,2024,Q03,3.9,33.27057831524343
8.0,2.0,18.0,16.0,60.0,58.98702903026559,8.258184064237183,37.75169857936998,51.908585546633724,7.180451127819549,0.0,150.78947368421055,0.0,25.183900069396252,42.41498959056211,2024,Q03,3.9,32.43162077949966
7.0,2.0,15.0,16.0,55.0,55.44780728844966,5.898702903026559,35.392217418159355,58.98702903026559,7.180451127819549,0.0,157.9699248120301,0.0,26.509368494101317,43.74045801526717,2024,Q03,3.9,32.40839727260795
7.0,1.0,16.0,16.0,53.0,58.98702903026559,9.437924644842495,35.392217418159355,53.088326127239036,7.180451127819549,0.0,143.60902255639098,0.0,25.183900069396252,43.74045801526717,2024,Q03,3.9,31.307955265958697
9.0,2.0,18.0,13.0,58.0,63.70599135268684,9.437924644842495,36.57195799876467,58.98702903026559,7.180451127819549,7.180451127819549,157.9699248120301,0.0,25.183900069396252,43.74045801526717,2024,Q03,3.9,33.997205878592816
9.0,2.0,17.0,15.0,55.0,57.80728844966028,12.977146386658431,34.21247683755404,57.80728844966028,7.180451127819549,0.0,165.15037593984962,0.0,23.858431644691187,46.3913948646773,2024,Q03,3.9,33.55899024670471
8.0,2.0,16.0,14.0,57.0,60.1667696108709,10.617665225447807,34.21247683755404,58.98702903026559,7.180451127819549,0.0,157.9699248120301,0.0,25.183900069396252,38.438584316446914,2024,Q03,3.9,32.65045340198874
8.0,2.0,17.0,14.0,57.0,60.1667696108709,8.258184064237183,35.392217418159355,54.26806670784435,7.180451127819549,0.0,157.9699248120301,0.0,27.834836918806385,46.3913948646773,2024,Q03,3.9,33.03078970162967
9.0,2.0,16.0,14.0,51.0,50.72884496602841,8.258184064237183,41.290920321185915,50.72884496602841,7.180451127819549,0.0,136.42857142857144,0.0,21.207494795281054,45.06592643997224,2024,Q03,3.9,30.192615873941616
7.0,0.0,15.0,13.0,53.0,58.98702903026559,8.258184064237183,51.908585546633724,54.26806670784435,7.180451127819549,0.0,157.9699248120301,0.0,21.207494795281054,43.74045801526717,2024,Q03,3.9,32.76801293995858
9.0,1.0,17.0,15.0,52.0,56.627547869054965,8.258184064237183,44.83014206300185,53.088326127239036,7.180451127819549,0.0,143.60902255639098,0.0,22.53296321998612,49.04233171408744,2024,Q03,3.9,31.944597916121143
8.0,2.0,17.0,15.0,54.0,50.72884496602841,8.258184064237183,44.83014206300185,54.26806670784435,7.180451127819549,0.0,165.15037593984962,0.0,23.858431644691187,43.74045801526717,2024,Q03,3.9,32.93433030191595
9.0,2.0,16.0,14.0,53.0,51.908585546633724,7.078443483631871,43.65040148239654,53.088326127239036,7.180451127819549,0.0,165.15037593984962,0.0,25.183900069396252,46.3913948646773,2024,Q04,3.8,32.908791909442925
9.0,1.0,15.0,19.0,52.0,55.44780728844966,9.437924644842495,47.189623224212475,55.44780728844966,7.180451127819549,0.0,165.15037593984962,0.0,25.183900069396252,45.06592643997224,2024,Q04,3.8,33.740254401532795
11.0,1.0,15.0,17.0,52.0,57.80728844966028,9.437924644842495,44.83014206300185,57.80728844966028,7.180451127819549,0.0,186.6917293233083,0.0,23.858431644691187,45.06592643997224,2024,Q04,3.8,35.24527880953041
12.0,2.0,15.0,18.0,59.0,53.088326127239036,9.437924644842495,53.088326127239036,54.26806670784435,7.180451127819549,0.0,172.3308270676692,0.0,27.834836918806385,46.3913948646773,2024,Q04,3.8,35.30801023907582
11.0,2.0,14.0,18.0,56.0,51.908585546633724,9.437924644842495,50.72884496602841,56.627547869054965,7.180451127819549,0.0,186.6917293233083,0.0,25.183900069396252,49.04233171408744,2024,Q04,3.8,35.853421017411414
15.0,2.0,14.0,23.0,61.0,62.526250772081525,10.617665225447807,57.80728844966028,57.80728844966028,14.360902255639099,0.0,201.05263157894737,0.0,31.811242192921583,53.01873698820263,2024,Q04,3.8,40.2668003941707
12.0,3.0,14.0,22.0,60.0,62.526250772081525,10.617665225447807,56.627547869054965,57.80728844966028,14.360902255639099,7.180451127819549,222.59398496240604,0.0,43.74045801526717,53.01873698820263,2024,Q04,3.8,42.63155237770527
18.0,4.0,18.0,33.0,100.0,108.5361334156887,12.977146386658431,79.0426189005559,90.84002470660901,28.721804511278197,7.180451127819549,473.90977443609023,0.0,80.85357390700902,75.55170020818875,2024,Q04,3.8,75.37421517332652
14.0,3.0,17.0,25.0,82.0,81.40210006176652,15.336627547869053,64.88573193329215,73.14391599752933,14.360902255639099,7.180451127819549,308.75939849624064,0.0,60.97154753643303,63.622484385843165,2024,Q04,3.8,55.377543956162164
13.0,3.0,20.0,24.0,79.0,70.78443483631871,11.797405806053119,46.00988264360716,56.627547869054965,7.180451127819549,7.180451127819549,229.77443609022558,0.0,39.76405274115198,60.97154753643303,2024,Q04,3.8,44.606013985232245
16.0,3.0,16.0,26.0,68.0,69.6046942557134,14.156886967263741,43.65040148239654,57.80728844966028,14.360902255639099,7.180451127819549,236.95488721804512,0.0,41.08952116585704,58.3206106870229,2024,Q04,3.8,44.80837624062784
15.0,3.0,17.0,25.0,74.0,76.68313773934527,15.336627547869053,49.5491043854231,60.1667696108709,14.360902255639099,0.0,258.49624060150376,0.0,42.41498959056211,67.59888965995836,2024,Q04,3.8,47.907110759411445
9.0,2.0,16.0,22.0,70.0,71.96417541692402,11.797405806053119,42.47066090179123,64.88573193329215,7.180451127819549,7.180451127819549,201.05263157894737,0.0,35.78764746703678,64.94795281054823,2024,Q04,3.8,41.75114054468214
9.0,2.0,16.0,19.0,66.0,63.70599135268684,11.797405806053119,41.290920321185915,56.627547869054965,7.180451127819549,7.180451127819549,179.51127819548873,0.0,31.811242192921583,47.716863289382374,2025,Q01,3.5,37.25481008549418
9.0,2.0,16.0,18.0,59.0,62.526250772081525,12.977146386658431,37.75169857936998,57.80728844966028,7.180451127819549,0.0,179.51127819548873,0.0,31.811242192921583,53.01873698820263,2025,Q01,3.5,36.43893951281351
8.0,0.0,15.0,19.0,54.0,58.98702903026559,15.336627547869053,38.93143915997529,58.98702903026559,7.180451127819549,0.0,179.51127819548873,0.0,27.834836918806385,50.367800138792504,2025,Q01,3.5,35.54243274328552
8.0,1.0,15.0,17.0,53.0,58.98702903026559,14.156886967263741,35.392217418159355,60.1667696108709,14.360902255639099,0.0,157.9699248120301,0.0,26.509368494101317,51.69326856349757,2025,Q01,3.5,34.21575781012184
9.0,2.0,16.0,16.0,55.0,58.98702903026559,10.617665225447807,35.392217418159355,58.98702903026559,7.180451127819549,0.0,186.6917293233083,0.0,29.16030534351145,50.367800138792504,2025,Q01,3.5,35.692281775838005
9.0,1.0,14.0,17.0,53.0,56.627547869054965,9.437924644842495,33.03273625694873,64.88573193329215,7.180451127819549,7.180451127819549,179.51127819548873,0.0,27.834836918806385,49.04233171408744,2025,Q01,3.5,35.24888598587734
9.0,2.0,16.0,15.0,58.0,69.6046942557134,8.258184064237183,37.75169857936998,67.24521309450277,7.180451127819549,7.180451127819549,193.87218045112783,0.0,30.485773768216514,59.646079111727964,2025,Q01,3.5,38.74831503870232
8.0,1.0,14.0,16.0,58.0,61.34651019147621,8.258184064237183,37.75169857936998,64.88573193329215,7.180451127819549,0.0,165.15037593984962,0.0,27.834836918806385,51.69326856349757,2025,Q01,3.5,34.740070487889916
8.0,3.0,16.0,15.0,56.0,62.526250772081525,9.437924644842495,37.75169857936998,63.70599135268684,7.180451127819549,0.0,186.6917293233083,0.0,27.834836918806385,43.74045801526717,2025,Q01,3.5,35.79128938227882
7.0,2.0,18.0,14.0,54.0,58.98702903026559,9.437924644842495,41.290920321185915,68.42495367510809,7.180451127819549,0.0,172.3308270676692,0.0,33.13671061762665,55.66967383761277,2025,Q01,3.5,36.09723268814202
9.0,2.0,18.0,14.0,55.0,62.526250772081525,9.437924644842495,40.1111797405806,62.526250772081525,7.180451127819549,0.0,179.51127819548873,0.0,34.46217904233171,55.66967383761277,2025,Q01,3.5,36.62834587552259
9.0,2.0,17.0,15.0,60.0,64.88573193329215,10.617665225447807,40.1111797405806,62.526250772081525,7.180451127819549,7.180451127819549,179.51127819548873,0.0,29.16030534351145,46.3913948646773,2025,Q01,3.5,36.70431388871457
7.0,1.0,15.0,17.0,64.0,69.6046942557134,9.437924644842495,40.1111797405806,64.88573193329215,7.180451127819549,0.0,157.9699248120301,0.0,25.183900069396252,47.716863289382374,2025,Q01,3.5,35.07271132487046
7.0,2.0,17.0,18.0,59.0,63.70599135268684,9.437924644842495,41.290920321185915,62.526250772081525,7.180451127819549,0.0,157.9699248120301,0.0,25.183900069396252,56.995142262317835,2025,Q02,3.6,35.1527003574907
6.0,2.0,15.0,16.0,63.0,64.88573193329215,10.617665225447807,42.47066090179123,58.98702903026559,7.180451127819549,7.180451127819549,157.9699248120301,0.0,25.183900069396252,46.3913948646773,2025,Q02,3.6,34.857813939502634
7.0,1.0,15.0,19.0,58.0,57.80728844966028,9.437924644842495,37.75169857936998,56.627547869054965,7.180451127819549,0.0,157.9699248120301,0.0,23.858431644691187,45.06592643997224,2025,Q02,3.6,33.04661290449605
8.0,1.0,16.0,20.0,63.0,64.88573193329215,9.437924644842495,38.93143915997529,60.1667696108709,7.180451127819549,0.0,193.87218045112783,0.0,25.183900069396252,43.74045801526717,2025,Q02,3.6,36.759923667506115
9.0,2.0,19.0,19.0,63.0,62.526250772081525,9.437924644842495,40.1111797405806,58.98702903026559,7.180451127819549,0.0,208.23308270676694,0.0,26.509368494101317,46.3913948646773,2025,Q02,3.6,38.09177875874236
9.0,2.0,15.0,16.0,58.0,62.526250772081525,8.258184064237183,42.47066090179123,64.88573193329215,7.180451127819549,0.0,186.6917293233083,0.0,22.53296321998612,45.06592643997224,2025,Q02,3.6,35.974126518832556
6.0,2.0,17.0,18.0,58.0,70.78443483631871,10.617665225447807,41.290920321185915,61.34651019147621,7.180451127819549,0.0,172.3308270676692,0.0,23.858431644691187,45.06592643997224,2025,Q02,3.6,35.56501112363872
7.0,2.0,16.0,19.0,60.0,69.6046942557134,9.437924644842495,46.00988264360716,57.80728844966028,7.180451127819549,0.0,165.15037593984962,0.0,27.834836918806385,47.716863289382374,2025,Q02,3.6,35.64948781797875
9.0,2.0,17.0,18.0,61.0,68.42495367510809,9.437924644842495,40.1111797405806,62.526250772081525,7.180451127819549,0.0,165.15037593984962,0.0,31.811242192921583,42.41498959056211,2025,Q02,3.6,35.60382451225103
8.0,3.0,16.0,15.0,64.0,60.1667696108709,10.617665225447807,42.47066090179123,61.34651019147621,7.180451127819549,7.180451127819549,157.9699248120301,0.0,31.811242192921583,43.74045801526717,2025,Q02,3.6,35.23227554702961
8.0,2.0,17.0,15.0,62.0,66.06547251389746,9.437924644842495,42.47066090179123,66.06547251389746,7.180451127819549,7.180451127819549,172.3308270676692,0.0,27.834836918806385,46.3913948646773,2025,Q02,3.6,36.597166112081375
7.0,1.0,19.0,16.0,61.0,63.70599135268684,8.258184064237183,44.83014206300185,58.98702903026559,7.180451127819549,7.180451127819549,165.15037593984962,0.0,26.509368494101317,43.74045801526717,2025,Q02,3.6,35.30283008100324
7.0,1.0,15.0,18.0,57.0,63.70599135268684,9.437924644842495,40.1111797405806,62.526250772081525,7.180451127819549,7.180451127819549,157.9699248120301,0.0,26.509368494101317,45.06592643997224,2025,Q02,3.6,34.512497900795616
7.0,2.0,19.0,18.0,64.0,66.06547251389746,10.617665225447807,49.5491043854231,70.78443483631871,7.180451127819549,7.180451127819549,165.15037593984962,0.0,27.834836918806385,42.41498959056211,2025,Q03,3.5,37.11851877772961
9.0,1.0,20.0,16.0,69.0,69.6046942557134,10.617665225447807,42.47066090179123,70.78443483631871,7.180451127819549,0.0,165.15037593984962,0.0,21.207494795281054,39.76405274115198,2025,Q03,3.5,36.11865532155822
9.0,2.0,22.0,19.0,74.0,71.96417541692402,16.516368128474365,50.72884496602841,84.94132180358245,7.180451127819549,7.180451127819549,165.15037593984962,0.0,21.207494795281054,46.3913948646773,2025,Q03,3.5,39.81739187803042
10.0,2.0,20.0,18.0,86.0,84.94132180358245,14.156886967263741,53.088326127239036,83.76158122297714,7.180451127819549,0.0,165.15037593984962,0.0,19.88202637057599,53.01873698820263,2025,Q03,3.5,41.14531376983401
9.0,2.0,18.0,16.0,66.0,67.24521309450277,12.977146386658431,41.290920321185915,70.78443483631871,7.180451127819549,7.180451127819549,165.15037593984962,0.0,26.509368494101317,45.06592643997224,2025,Q03,3.5,36.958952517881876
9.0,1.0,17.0,16.0,57.0,57.80728844966028,9.437924644842495,37.75169857936998,69.6046942557134,7.180451127819549,7.180451127819549,165.15037593984962,0.0,22.53296321998612,46.3913948646773,2025,Q03,3.5,34.86914948064922
9.0,2.0,16.0,14.0,47.0,57.80728844966028,8.258184064237183,35.392217418159355,69.6046942557134,7.180451127819549,7.180451127819549,165.15037593984962,0.0,21.207494795281054,43.74045801526717,2025,Q03,3.5,33.56810767958714
8.0,1.0,16.0,15.0,49.0,56.627547869054965,8.258184064237183,35.392217418159355,64.88573193329215,14.360902255639099,7.180451127819549,157.9699248120301,0.0,23.858431644691187,43.74045801526717,2025,Q03,3.5,33.418256609346045
8.0,3.0,17.0,15.0,54.0,58.98702903026559,9.437924644842495,36.57195799876467,66.06547251389746,7.180451127819549,0.0,172.3308270676692,0.0,29.16030534351145,54.3442054129077,2025,Q03,3.5,35.40521154264521
7.0,1.0,12.0,13.0,56.0,46.00988264360716,7.078443483631871,36.57195799876467,58.98702903026559,7.180451127819549,0.0,150.78947368421055,0.0,21.207494795281054,39.76405274115198,2025,Q03,3.5,30.43925236698216
9.0,1.0,16.0,15.0,58.0,53.088326127239036,8.258184064237183,33.03273625694873,56.627547869054965,7.180451127819549,0.0,157.9699248120301,0.0,18.55655794587092,45.06592643997224,2025,Q03,3.5,31.91864364287818
10.0,2.0,15.0,18.0,48.0,46.00988264360716,8.258184064237183,38.93143915997529,60.1667696108709,7.180451127819549,0.0,143.60902255639098,0.0,22.53296321998612,43.74045801526717,2025,Q03,3.5,30.895278026543625
10.0,1.0,16.0,19.0,44.0,50.72884496602841,8.258184064237183,38.93143915997529,54.26806670784435,7.180451127819549,7.180451127819549,150.78947368421055,0.0,18.55655794587092,43.74045801526717,2025,Q03,3.5,31.308928453271527
8.0,2.0,15.0,17.0,54.0,51.908585546633724,9.437924644842495,36.57195799876467,58.98702903026559,7.180451127819549,7.180451127819549,165.15037593984962,0.0,22.53296321998612,41.08952116585704,2025,Q04,3.3,33.06928398678922
12.0,2.0,15.0,20.0,45.0,48.36936380481779,8.258184064237183,36.57195799876467,60.1667696108709,14.360902255639099,0.0,150.78947368421055,0.0,21.207494795281054,41.08952116585704,2025,Q04,3.3,31.65424449197855
11.0,2.0,18.0,19.0,48.0,53.088326127239036,20.0555898702903,34.21247683755404,56.627547869054965,7.180451127819549,0.0,157.9699248120301,0.0,21.207494795281054,41.08952116585704,2025,Q04,3.3,32.6287555070084
10.0,3.0,16.0,19.0,58.0,55.44780728844966,12.977146386658431,40.1111797405806,64.88573193329215,7.180451127819549,7.180451127819549,165.15037593984962,0.0,21.207494795281054,54.3442054129077,2025,Q04,3.3,35.63232291684389
14.0,4.0,20.0,23.0,67.0,66.06547251389746,20.0555898702903,48.36936380481779,80.2223594811612,14.360902255639099,0.0,186.6917293233083,0.0,25.183900069396252,58.3206106870229,2025,Q04,3.3,41.817995200368884
14.0,4.0,18.0,25.0,63.0,75.50339715873996,14.156886967263741,49.5491043854231,75.50339715873996,14.360902255639099,7.180451127819549,201.05263157894737,0.0,29.16030534351145,54.3442054129077,2025,Q04,3.3,42.987418759266134
13.0,8.0,21.0,26.0,65.0,71.96417541692402,12.977146386658431,48.36936380481779,82.58184064237183,14.360902255639099,7.180451127819549,229.77443609022558,0.0,34.46217904233171,56.995142262317835,2025,Q04,3.3,46.11104246860705
18.0,6.0,29.0,41.0,97.0,117.97405806053118,18.87584928968499,69.6046942557134,115.61457689932055,35.902255639097746,7.180451127819549,459.54887218045116,0.0,66.2734212352533,71.57529493407355,2025,Q04,3.3,76.90329824146305
15.0,5.0,28.0,30.0,88.0,95.55898702903026,14.156886967263741,60.1667696108709,87.30080296479308,21.54135338345865,7.180451127819549,287.21804511278197,0.0,51.69326856349757,62.297015961138094,2025,Q04,3.3,56.87423871471025
17.0,4.0,26.0,26.0,71.0,71.96417541692402,12.977146386658431,44.83014206300185,69.6046942557134,14.360902255639099,7.180451127819549,208.23308270676694,0.0,31.811242192921583,46.3913948646773,2025,Q04,3.3,43.42354875134148
17.0,4.0,23.0,25.0,67.0,64.88573193329215,12.977146386658431,43.65040148239654,75.50339715873996,14.360902255639099,7.180451127819549,215.41353383458647,0.0,33.13671061762665,43.74045801526717,2025,Q04,3.3,43.12324885413508
23.0,3.0,23.0,30.0,74.0,76.68313773934527,15.336627547869053,49.5491043854231,66.06547251389746,14.360902255639099,7.180451127819549,236.95488721804512,0.0,39.76405274115198,54.3442054129077,2025,Q04,3.3,47.549256062806556
20.0,4.0,24.0,22.0,72.0,69.6046942557134,14.156886967263741,49.5491043854231,81.40210006176652,14.360902255639099,7.180451127819549,193.87218045112783,0.0,31.811242192921583,58.3206106870229,2025,Q04,3.3,44.15054482564651
